file,line,type,commit,author,date,time,timezone,datetime,depth,length
style.css,1,css,85a9d901,Junle Li,2026-04-10,07:11:34,-07:00,2026-04-10T07:11:34-07:00,0,4
style.css,2,css,85a9d901,Junle Li,2026-04-10,07:11:34,-07:00,2026-04-10T07:11:34-07:00,2,31
style.css,3,css,85a9d901,Junle Li,2026-04-10,07:11:34,-07:00,2026-04-10T07:11:34-07:00,2,32
style.css,4,css,8bb53971,Junle Li,2026-04-17,20:27:00,-07:00,2026-04-17T20:27:00-07:00,2,23
style.css,5,css,85a9d901,Junle Li,2026-04-10,07:11:34,-07:00,2026-04-10T07:11:34-07:00,0,0
style.css,6,css,85a9d901,Junle Li,2026-04-10,07:11:34,-07:00,2026-04-10T07:11:34-07:00,0,0
style.css,7,css,ef139dc8,Junle Li,2026-04-03,20:52:25,-07:00,2026-04-03T20:52:25-07:00,0,4
style.css,8,css,85a9d901,Junle Li,2026-04-10,07:11:34,-07:00,2026-04-10T07:11:34-07:00,2,29
style.css,9,css,85a9d901,Junle Li,2026-04-10,07:11:34,-07:00,2026-04-10T07:11:34-07:00,2,15
style.css,10,css,85a9d901,Junle Li,2026-04-10,07:11:34,-07:00,2026-04-10T07:11:34-07:00,2,15
style.css,11,css,85a9d901,Junle Li,2026-04-10,07:11:34,-07:00,2026-04-10T07:11:34-07:00,2,18
style.css,12,css,85a9d901,Junle Li,2026-04-10,07:11:34,-07:00,2026-04-10T07:11:34-07:00,2,11
style.css,13,css,85a9d901,Junle Li,2026-04-10,07:11:34,-07:00,2026-04-10T07:11:34-07:00,0,0
style.css,14,css,85a9d901,Junle Li,2026-04-10,07:11:34,-07:00,2026-04-10T07:11:34-07:00,0,0
style.css,15,css,85a9d901,Junle Li,2026-04-10,07:11:34,-07:00,2026-04-10T07:11:34-07:00,0,14
style.css,16,css,85a9d901,Junle Li,2026-04-10,07:11:34,-07:00,2026-04-10T07:11:34-07:00,0,3
style.css,17,css,8bb53971,Junle Li,2026-04-17,20:27:00,-07:00,2026-04-17T20:27:00-07:00,2,39
style.css,18,css,85a9d901,Junle Li,2026-04-10,07:11:34,-07:00,2026-04-10T07:11:34-07:00,2,12
style.css,19,css,85a9d901,Junle Li,2026-04-10,07:11:34,-07:00,2026-04-10T07:11:34-07:00,2,17
style.css,20,css,8bb53971,Junle Li,2026-04-17,20:27:00,-07:00,2026-04-17T20:27:00-07:00,2,43
style.css,21,css,85a9d901,Junle Li,2026-04-10,07:11:34,-07:00,2026-04-10T07:11:34-07:00,0,0
style.css,22,css,85a9d901,Junle Li,2026-04-10,07:11:34,-07:00,2026-04-10T07:11:34-07:00,0,0
style.css,23,css,85a9d901,Junle Li,2026-04-10,07:11:34,-07:00,2026-04-10T07:11:34-07:00,0,5
style.css,24,css,85a9d901,Junle Li,2026-04-10,07:11:34,-07:00,2026-04-10T07:11:34-07:00,2,6
style.css,25,css,85a9d901,Junle Li,2026-04-10,07:11:34,-07:00,2026-04-10T07:11:34-07:00,2,20
style.css,26,css,85a9d901,Junle Li,2026-04-10,07:11:34,-07:00,2026-04-10T07:11:34-07:00,2,13
style.css,27,css,85a9d901,Junle Li,2026-04-10,07:11:34,-07:00,2026-04-10T07:11:34-07:00,2,17
style.css,28,css,85a9d901,Junle Li,2026-04-10,07:11:34,-07:00,2026-04-10T07:11:34-07:00,2,13
style.css,29,css,85a9d901,Junle Li,2026-04-10,07:11:34,-07:00,2026-04-10T07:11:34-07:00,0,0
style.css,30,css,85a9d901,Junle Li,2026-04-10,07:11:34,-07:00,2026-04-10T07:11:34-07:00,0,0
style.css,31,css,85a9d901,Junle Li,2026-04-10,07:11:34,-07:00,2026-04-10T07:11:34-07:00,0,11
style.css,32,css,85a9d901,Junle Li,2026-04-10,07:11:34,-07:00,2026-04-10T07:11:34-07:00,2,45
style.css,33,css,8bb53971,Junle Li,2026-04-17,20:27:00,-07:00,2026-04-17T20:27:00-07:00,2,69
style.css,34,css,85a9d901,Junle Li,2026-04-10,07:11:34,-07:00,2026-04-10T07:11:34-07:00,0,0
style.css,35,css,85a9d901,Junle Li,2026-04-10,07:11:34,-07:00,2026-04-10T07:11:34-07:00,0,0
style.css,36,css,85a9d901,Junle Li,2026-04-10,07:11:34,-07:00,2026-04-10T07:11:34-07:00,0,13
style.css,37,css,85a9d901,Junle Li,2026-04-10,07:11:34,-07:00,2026-04-10T07:11:34-07:00,2,43
style.css,38,css,85a9d901,Junle Li,2026-04-10,07:11:34,-07:00,2026-04-10T07:11:34-07:00,2,20
style.css,39,css,85a9d901,Junle Li,2026-04-10,07:11:34,-07:00,2026-04-10T07:11:34-07:00,0,0
style.css,40,css,85a9d901,Junle Li,2026-04-10,07:11:34,-07:00,2026-04-10T07:11:34-07:00,0,0
style.css,41,css,85a9d901,Junle Li,2026-04-10,07:11:34,-07:00,2026-04-10T07:11:34-07:00,0,12
style.css,42,css,85a9d901,Junle Li,2026-04-10,07:11:34,-07:00,2026-04-10T07:11:34-07:00,0,2
style.css,43,css,85a9d901,Junle Li,2026-04-10,07:11:34,-07:00,2026-04-10T07:11:34-07:00,2,14
style.css,44,css,85a9d901,Junle Li,2026-04-10,07:11:34,-07:00,2026-04-10T07:11:34-07:00,2,15
style.css,45,css,85a9d901,Junle Li,2026-04-10,07:11:34,-07:00,2026-04-10T07:11:34-07:00,2,17
style.css,46,css,85a9d901,Junle Li,2026-04-10,07:11:34,-07:00,2026-04-10T07:11:34-07:00,0,0
style.css,47,css,85a9d901,Junle Li,2026-04-10,07:11:34,-07:00,2026-04-10T07:11:34-07:00,0,0
style.css,48,css,85a9d901,Junle Li,2026-04-10,07:11:34,-07:00,2026-04-10T07:11:34-07:00,0,6
style.css,49,css,85a9d901,Junle Li,2026-04-10,07:11:34,-07:00,2026-04-10T07:11:34-07:00,2,15
style.css,50,css,85a9d901,Junle Li,2026-04-10,07:11:34,-07:00,2026-04-10T07:11:34-07:00,2,17
style.css,51,css,85a9d901,Junle Li,2026-04-10,07:11:34,-07:00,2026-04-10T07:11:34-07:00,0,0
style.css,52,css,85a9d901,Junle Li,2026-04-10,07:11:34,-07:00,2026-04-10T07:11:34-07:00,0,0
style.css,53,css,85a9d901,Junle Li,2026-04-10,07:11:34,-07:00,2026-04-10T07:11:34-07:00,0,16
style.css,54,css,85a9d901,Junle Li,2026-04-10,07:11:34,-07:00,2026-04-10T07:11:34-07:00,0,4
style.css,55,css,85a9d901,Junle Li,2026-04-10,07:11:34,-07:00,2026-04-10T07:11:34-07:00,2,12
style.css,56,css,85a9d901,Junle Li,2026-04-10,07:11:34,-07:00,2026-04-10T07:11:34-07:00,2,30
style.css,57,css,85a9d901,Junle Li,2026-04-10,07:11:34,-07:00,2026-04-10T07:11:34-07:00,2,7
style.css,58,css,85a9d901,Junle Li,2026-04-10,07:11:34,-07:00,2026-04-10T07:11:34-07:00,0,0
style.css,59,css,85a9d901,Junle Li,2026-04-10,07:11:34,-07:00,2026-04-10T07:11:34-07:00,0,0
style.css,60,css,85a9d901,Junle Li,2026-04-10,07:11:34,-07:00,2026-04-10T07:11:34-07:00,0,5
style.css,61,css,85a9d901,Junle Li,2026-04-10,07:11:34,-07:00,2026-04-10T07:11:34-07:00,2,12
style.css,62,css,85a9d901,Junle Li,2026-04-10,07:11:34,-07:00,2026-04-10T07:11:34-07:00,2,29
style.css,63,css,85a9d901,Junle Li,2026-04-10,07:11:34,-07:00,2026-04-10T07:11:34-07:00,2,18
style.css,64,css,85a9d901,Junle Li,2026-04-10,07:11:34,-07:00,2026-04-10T07:11:34-07:00,0,0
style.css,65,css,85a9d901,Junle Li,2026-04-10,07:11:34,-07:00,2026-04-10T07:11:34-07:00,0,0
style.css,66,css,85a9d901,Junle Li,2026-04-10,07:11:34,-07:00,2026-04-10T07:11:34-07:00,0,23
style.css,67,css,85a9d901,Junle Li,2026-04-10,07:11:34,-07:00,2026-04-10T07:11:34-07:00,2,12
style.css,68,css,85a9d901,Junle Li,2026-04-10,07:11:34,-07:00,2026-04-10T07:11:34-07:00,0,0
style.css,69,css,85a9d901,Junle Li,2026-04-10,07:11:34,-07:00,2026-04-10T07:11:34-07:00,0,0
style.css,70,css,85a9d901,Junle Li,2026-04-10,07:11:34,-07:00,2026-04-10T07:11:34-07:00,0,15
style.css,71,css,85a9d901,Junle Li,2026-04-10,07:11:34,-07:00,2026-04-10T07:11:34-07:00,2,10
style.css,72,css,85a9d901,Junle Li,2026-04-10,07:11:34,-07:00,2026-04-10T07:11:34-07:00,2,21
style.css,73,css,85a9d901,Junle Li,2026-04-10,07:11:34,-07:00,2026-04-10T07:11:34-07:00,0,0
style.css,74,css,85a9d901,Junle Li,2026-04-10,07:11:34,-07:00,2026-04-10T07:11:34-07:00,0,0
style.css,75,css,85a9d901,Junle Li,2026-04-10,07:11:34,-07:00,2026-04-10T07:11:34-07:00,0,17
style.css,76,css,85a9d901,Junle Li,2026-04-10,07:11:34,-07:00,2026-04-10T07:11:34-07:00,0,9
style.css,77,css,85a9d901,Junle Li,2026-04-10,07:11:34,-07:00,2026-04-10T07:11:34-07:00,2,12
style.css,78,css,85a9d901,Junle Li,2026-04-10,07:11:34,-07:00,2026-04-10T07:11:34-07:00,2,58
style.css,79,css,85a9d901,Junle Li,2026-04-10,07:11:34,-07:00,2026-04-10T07:11:34-07:00,2,7
style.css,80,css,85a9d901,Junle Li,2026-04-10,07:11:34,-07:00,2026-04-10T07:11:34-07:00,0,0
style.css,81,css,85a9d901,Junle Li,2026-04-10,07:11:34,-07:00,2026-04-10T07:11:34-07:00,0,0
style.css,82,css,85a9d901,Junle Li,2026-04-10,07:11:34,-07:00,2026-04-10T07:11:34-07:00,0,17
style.css,83,css,85a9d901,Junle Li,2026-04-10,07:11:34,-07:00,2026-04-10T07:11:34-07:00,2,12
style.css,84,css,85a9d901,Junle Li,2026-04-10,07:11:34,-07:00,2026-04-10T07:11:34-07:00,2,26
style.css,85,css,85a9d901,Junle Li,2026-04-10,07:11:34,-07:00,2026-04-10T07:11:34-07:00,2,15
style.css,86,css,85a9d901,Junle Li,2026-04-10,07:11:34,-07:00,2026-04-10T07:11:34-07:00,0,0
style.css,87,css,85a9d901,Junle Li,2026-04-10,07:11:34,-07:00,2026-04-10T07:11:34-07:00,0,0
style.css,88,css,85a9d901,Junle Li,2026-04-10,07:11:34,-07:00,2026-04-10T07:11:34-07:00,0,12
style.css,89,css,85a9d901,Junle Li,2026-04-10,07:11:34,-07:00,2026-04-10T07:11:34-07:00,2,8
style.css,90,css,7a6d09ac,Junle Li,2026-04-10,20:13:22,-07:00,2026-04-10T20:13:22-07:00,0,0
style.css,91,css,7a6d09ac,Junle Li,2026-04-10,20:13:22,-07:00,2026-04-10T20:13:22-07:00,0,0
style.css,92,css,7a6d09ac,Junle Li,2026-04-10,20:13:22,-07:00,2026-04-10T20:13:22-07:00,0,19
style.css,93,css,7a6d09ac,Junle Li,2026-04-10,20:13:22,-07:00,2026-04-10T20:13:22-07:00,0,7
style.css,94,css,7a6d09ac,Junle Li,2026-04-10,20:13:22,-07:00,2026-04-10T20:13:22-07:00,2,17
style.css,95,css,7a6d09ac,Junle Li,2026-04-10,20:13:22,-07:00,2026-04-10T20:13:22-07:00,0,0
style.css,96,css,7a6d09ac,Junle Li,2026-04-10,20:13:22,-07:00,2026-04-10T20:13:22-07:00,0,0
style.css,97,css,7a6d09ac,Junle Li,2026-04-10,20:13:22,-07:00,2026-04-10T20:13:22-07:00,0,7
style.css,98,css,7a6d09ac,Junle Li,2026-04-10,20:13:22,-07:00,2026-04-10T20:13:22-07:00,2,17
style.css,99,css,7a6d09ac,Junle Li,2026-04-10,20:13:22,-07:00,2026-04-10T20:13:22-07:00,0,0
style.css,100,css,7a6d09ac,Junle Li,2026-04-10,20:13:22,-07:00,2026-04-10T20:13:22-07:00,0,0
style.css,101,css,7a6d09ac,Junle Li,2026-04-10,20:13:22,-07:00,2026-04-10T20:13:22-07:00,0,2
style.css,102,css,7a6d09ac,Junle Li,2026-04-10,20:13:22,-07:00,2026-04-10T20:13:22-07:00,2,41
style.css,103,css,7a6d09ac,Junle Li,2026-04-10,20:13:22,-07:00,2026-04-10T20:13:22-07:00,2,20
style.css,104,css,7a6d09ac,Junle Li,2026-04-10,20:13:22,-07:00,2026-04-10T20:13:22-07:00,0,0
style.css,105,css,7a6d09ac,Junle Li,2026-04-10,20:13:22,-07:00,2026-04-10T20:13:22-07:00,0,0
style.css,106,css,7a6d09ac,Junle Li,2026-04-10,20:13:22,-07:00,2026-04-10T20:13:22-07:00,0,6
style.css,107,css,7a6d09ac,Junle Li,2026-04-10,20:13:22,-07:00,2026-04-10T20:13:22-07:00,2,13
style.css,108,css,7a6d09ac,Junle Li,2026-04-10,20:13:22,-07:00,2026-04-10T20:13:22-07:00,0,0
style.css,109,css,7a6d09ac,Junle Li,2026-04-10,20:13:22,-07:00,2026-04-10T20:13:22-07:00,0,0
style.css,110,css,7a6d09ac,Junle Li,2026-04-10,20:13:22,-07:00,2026-04-10T20:13:22-07:00,0,8
style.css,111,css,7a6d09ac,Junle Li,2026-04-10,20:13:22,-07:00,2026-04-10T20:13:22-07:00,2,14
style.css,112,css,7a6d09ac,Junle Li,2026-04-10,20:13:22,-07:00,2026-04-10T20:13:22-07:00,0,0
style.css,113,css,7a6d09ac,Junle Li,2026-04-10,20:13:22,-07:00,2026-04-10T20:13:22-07:00,0,0
style.css,114,css,7a6d09ac,Junle Li,2026-04-10,20:13:22,-07:00,2026-04-10T20:13:22-07:00,0,2
style.css,115,css,7a6d09ac,Junle Li,2026-04-10,20:13:22,-07:00,2026-04-10T20:13:22-07:00,2,18
style.css,116,css,7a6d09ac,Junle Li,2026-04-10,20:13:22,-07:00,2026-04-10T20:13:22-07:00,0,0
style.css,117,css,8bb53971,Junle Li,2026-04-17,20:27:00,-07:00,2026-04-17T20:27:00-07:00,0,0
style.css,118,css,8bb53971,Junle Li,2026-04-17,20:27:00,-07:00,2026-04-17T20:27:00-07:00,0,13
style.css,119,css,5778efb0,Junle Li,2026-04-24,11:41:52,-07:00,2026-04-24T11:41:52-07:00,2,17
style.css,120,css,5778efb0,Junle Li,2026-04-24,11:41:52,-07:00,2026-04-24T11:41:52-07:00,2,8
style.css,121,css,5778efb0,Junle Li,2026-04-24,11:41:52,-07:00,2026-04-24T11:41:52-07:00,2,10
style.css,122,css,5778efb0,Junle Li,2026-04-24,11:41:52,-07:00,2026-04-24T11:41:52-07:00,2,13
style.css,123,css,8bb53971,Junle Li,2026-04-17,20:27:00,-07:00,2026-04-17T20:27:00-07:00,0,0
style.css,124,css,8bb53971,Junle Li,2026-04-17,20:27:00,-07:00,2026-04-17T20:27:00-07:00,0,0
style.css,125,css,8bb53971,Junle Li,2026-04-17,20:27:00,-07:00,2026-04-17T20:27:00-07:00,0,20
style.css,126,css,5778efb0,Junle Li,2026-04-24,11:41:52,-07:00,2026-04-24T11:41:52-07:00,2,12
style.css,127,css,0ba4243c,Junle Li,2026-04-24,15:21:20,-07:00,2026-04-24T15:21:20-07:00,0,0
style.css,128,css,0ba4243c,Junle Li,2026-04-24,15:21:20,-07:00,2026-04-24T15:21:20-07:00,0,0
style.css,129,css,0ba4243c,Junle Li,2026-04-24,15:21:20,-07:00,2026-04-24T15:21:20-07:00,0,17
style.css,130,css,0ba4243c,Junle Li,2026-04-24,15:21:20,-07:00,2026-04-24T15:21:20-07:00,2,12
style.css,131,css,0ba4243c,Junle Li,2026-04-24,15:21:20,-07:00,2026-04-24T15:21:20-07:00,2,36
style.css,132,css,0ba4243c,Junle Li,2026-04-24,15:21:20,-07:00,2026-04-24T15:21:20-07:00,2,7
style.css,133,css,0ba4243c,Junle Li,2026-04-24,15:21:20,-07:00,2026-04-24T15:21:20-07:00,0,0
style.css,134,css,0ba4243c,Junle Li,2026-04-24,15:21:20,-07:00,2026-04-24T15:21:20-07:00,0,0
style.css,135,css,0ba4243c,Junle Li,2026-04-24,15:21:20,-07:00,2026-04-24T15:21:20-07:00,0,17
style.css,136,css,0ba4243c,Junle Li,2026-04-24,15:21:20,-07:00,2026-04-24T15:21:20-07:00,2,10
style.css,137,css,0ba4243c,Junle Li,2026-04-24,15:21:20,-07:00,2026-04-24T15:21:20-07:00,2,13
style.css,138,css,0ba4243c,Junle Li,2026-04-24,15:21:20,-07:00,2026-04-24T15:21:20-07:00,2,24
style.css,139,css,0ba4243c,Junle Li,2026-04-24,15:21:20,-07:00,2026-04-24T15:21:20-07:00,2,15
style.css,140,css,0ba4243c,Junle Li,2026-04-24,15:21:20,-07:00,2026-04-24T15:21:20-07:00,0,0
style.css,141,css,0ba4243c,Junle Li,2026-04-24,15:21:20,-07:00,2026-04-24T15:21:20-07:00,0,0
style.css,142,css,0ba4243c,Junle Li,2026-04-24,15:21:20,-07:00,2026-04-24T15:21:20-07:00,0,17
style.css,143,css,0ba4243c,Junle Li,2026-04-24,15:21:20,-07:00,2026-04-24T15:21:20-07:00,2,10
style.css,144,css,0ba4243c,Junle Li,2026-04-24,15:21:20,-07:00,2026-04-24T15:21:20-07:00,2,8
style.css,145,css,0ba4243c,Junle Li,2026-04-24,15:21:20,-07:00,2026-04-24T15:21:20-07:00,2,15
style.css,146,css,6c88e543,Junle Li,2026-05-01,19:11:36,-07:00,2026-05-01T19:11:36-07:00,0,0
style.css,147,css,6c88e543,Junle Li,2026-05-01,19:11:36,-07:00,2026-05-01T19:11:36-07:00,0,0
style.css,148,css,6c88e543,Junle Li,2026-05-01,19:11:36,-07:00,2026-05-01T19:11:36-07:00,0,13
style.css,149,css,6c88e543,Junle Li,2026-05-01,19:11:36,-07:00,2026-05-01T19:11:36-07:00,2,30
style.css,150,css,6c88e543,Junle Li,2026-05-01,19:11:36,-07:00,2026-05-01T19:11:36-07:00,2,34
style.css,151,css,6c88e543,Junle Li,2026-05-01,19:11:36,-07:00,2026-05-01T19:11:36-07:00,2,10
style.css,152,css,6c88e543,Junle Li,2026-05-01,19:11:36,-07:00,2026-05-01T19:11:36-07:00,0,0
style.css,153,css,6c88e543,Junle Li,2026-05-01,19:11:36,-07:00,2026-05-01T19:11:36-07:00,0,0
style.css,154,css,6c88e543,Junle Li,2026-05-01,19:11:36,-07:00,2026-05-01T19:11:36-07:00,0,18
style.css,155,css,6c88e543,Junle Li,2026-05-01,19:11:36,-07:00,2026-05-01T19:11:36-07:00,2,14
style.css,156,css,6c88e543,Junle Li,2026-05-01,19:11:36,-07:00,2026-05-01T19:11:36-07:00,2,16
style.css,157,css,6c88e543,Junle Li,2026-05-01,19:11:36,-07:00,2026-05-01T19:11:36-07:00,2,16
style.css,158,css,6c88e543,Junle Li,2026-05-01,19:11:36,-07:00,2026-05-01T19:11:36-07:00,0,0
style.css,159,css,6c88e543,Junle Li,2026-05-01,19:11:36,-07:00,2026-05-01T19:11:36-07:00,0,0
style.css,160,css,6c88e543,Junle Li,2026-05-01,19:11:36,-07:00,2026-05-01T19:11:36-07:00,0,10
style.css,161,css,6c88e543,Junle Li,2026-05-01,19:11:36,-07:00,2026-05-01T19:11:36-07:00,2,12
style.css,162,css,6c88e543,Junle Li,2026-05-01,19:11:36,-07:00,2026-05-01T19:11:36-07:00,2,18
style.css,163,css,6c88e543,Junle Li,2026-05-01,19:11:36,-07:00,2026-05-01T19:11:36-07:00,2,7
style.css,164,css,6c88e543,Junle Li,2026-05-01,19:11:36,-07:00,2026-05-01T19:11:36-07:00,0,0
style.css,165,css,6c88e543,Junle Li,2026-05-01,19:11:36,-07:00,2026-05-01T19:11:36-07:00,0,0
style.css,166,css,6c88e543,Junle Li,2026-05-01,19:11:36,-07:00,2026-05-01T19:11:36-07:00,0,7
style.css,167,css,6c88e543,Junle Li,2026-05-01,19:11:36,-07:00,2026-05-01T19:11:36-07:00,2,6
style.css,168,css,6c88e543,Junle Li,2026-05-01,19:11:36,-07:00,2026-05-01T19:11:36-07:00,2,12
style.css,169,css,6c88e543,Junle Li,2026-05-01,19:11:36,-07:00,2026-05-01T19:11:36-07:00,2,57
style.css,170,css,6c88e543,Junle Li,2026-05-01,19:11:36,-07:00,2026-05-01T19:11:36-07:00,2,7
style.css,171,css,6c88e543,Junle Li,2026-05-01,19:11:36,-07:00,2026-05-01T19:11:36-07:00,2,21
style.css,172,css,6c88e543,Junle Li,2026-05-01,19:11:36,-07:00,2026-05-01T19:11:36-07:00,2,11
style.css,173,css,6c88e543,Junle Li,2026-05-01,19:11:36,-07:00,2026-05-01T19:11:36-07:00,2,12
style.css,174,css,6c88e543,Junle Li,2026-05-01,19:11:36,-07:00,2026-05-01T19:11:36-07:00,2,15
style.css,175,css,6c88e543,Junle Li,2026-05-01,19:11:36,-07:00,2026-05-01T19:11:36-07:00,0,0
style.css,176,css,6c88e543,Junle Li,2026-05-01,19:11:36,-07:00,2026-05-01T19:11:36-07:00,0,0
style.css,177,css,6c88e543,Junle Li,2026-05-01,19:11:36,-07:00,2026-05-01T19:11:36-07:00,0,10
style.css,178,css,6c88e543,Junle Li,2026-05-01,19:11:36,-07:00,2026-05-01T19:11:36-07:00,2,12
style.css,179,css,6c88e543,Junle Li,2026-05-01,19:11:36,-07:00,2026-05-01T19:11:36-07:00,2,18
style.css,180,css,6c88e543,Junle Li,2026-05-01,19:11:36,-07:00,2026-05-01T19:11:36-07:00,2,9
style.css,181,css,6c88e543,Junle Li,2026-05-01,19:11:36,-07:00,2026-05-01T19:11:36-07:00,0,0
style.css,182,css,6c88e543,Junle Li,2026-05-01,19:11:36,-07:00,2026-05-01T19:11:36-07:00,0,0
style.css,183,css,6c88e543,Junle Li,2026-05-01,19:11:36,-07:00,2026-05-01T19:11:36-07:00,0,7
style.css,184,css,6c88e543,Junle Li,2026-05-01,19:11:36,-07:00,2026-05-01T19:11:36-07:00,2,20
style.css,185,css,6c88e543,Junle Li,2026-05-01,19:11:36,-07:00,2026-05-01T19:11:36-07:00,2,9
style.css,186,css,6c88e543,Junle Li,2026-05-01,19:11:36,-07:00,2026-05-01T19:11:36-07:00,2,10
style.css,187,css,6c88e543,Junle Li,2026-05-01,19:11:36,-07:00,2026-05-01T19:11:36-07:00,2,29
style.css,188,css,6c88e543,Junle Li,2026-05-01,19:11:36,-07:00,2026-05-01T19:11:36-07:00,2,17
style.css,189,css,6c88e543,Junle Li,2026-05-01,19:11:36,-07:00,2026-05-01T19:11:36-07:00,0,0
style.css,190,css,6c88e543,Junle Li,2026-05-01,19:11:36,-07:00,2026-05-01T19:11:36-07:00,0,0
style.css,191,css,6c88e543,Junle Li,2026-05-01,19:11:36,-07:00,2026-05-01T19:11:36-07:00,0,4
style.css,192,css,6c88e543,Junle Li,2026-05-01,19:11:36,-07:00,2026-05-01T19:11:36-07:00,2,16
style.css,193,css,6c88e543,Junle Li,2026-05-01,19:11:36,-07:00,2026-05-01T19:11:36-07:00,2,14
style.css,194,css,6c88e543,Junle Li,2026-05-01,19:11:36,-07:00,2026-05-01T19:11:36-07:00,0,0
style.css,195,css,6c88e543,Junle Li,2026-05-01,19:11:36,-07:00,2026-05-01T19:11:36-07:00,0,0
style.css,196,css,6c88e543,Junle Li,2026-05-01,19:11:36,-07:00,2026-05-01T19:11:36-07:00,0,36
style.css,197,css,6c88e543,Junle Li,2026-05-01,19:11:36,-07:00,2026-05-01T19:11:36-07:00,2,11
style.css,198,css,6c88e543,Junle Li,2026-05-01,19:11:36,-07:00,2026-05-01T19:11:36-07:00,0,0
style.css,199,css,6c88e543,Junle Li,2026-05-01,19:11:36,-07:00,2026-05-01T19:11:36-07:00,0,0
style.css,200,css,6c88e543,Junle Li,2026-05-01,19:11:36,-07:00,2026-05-01T19:11:36-07:00,0,9
style.css,201,css,6eec8529,Junle Li,2026-05-01,20:41:03,-07:00,2026-05-01T20:41:03-07:00,2,48
style.css,202,css,6c88e543,Junle Li,2026-05-01,19:11:36,-07:00,2026-05-01T19:11:36-07:00,0,0
style.css,203,css,6c88e543,Junle Li,2026-05-01,19:11:36,-07:00,2026-05-01T19:11:36-07:00,0,0
style.css,204,css,6c88e543,Junle Li,2026-05-01,19:11:36,-07:00,2026-05-01T19:11:36-07:00,0,18
style.css,205,css,6c88e543,Junle Li,2026-05-01,19:11:36,-07:00,2026-05-01T19:11:36-07:00,2,17
style.css,206,css,8bb53971,Junle Li,2026-04-17,20:27:00,-07:00,2026-04-17T20:27:00-07:00,0,0
index.js,1,js,5778efb0,Junle Li,2026-04-24,11:41:52,-07:00,2026-04-24T11:41:52-07:00,0,6
index.js,2,js,5778efb0,Junle Li,2026-04-24,11:41:52,-07:00,2026-04-24T11:41:52-07:00,2,8
index.js,3,js,5778efb0,Junle Li,2026-04-24,11:41:52,-07:00,2026-04-24T11:41:52-07:00,2,13
index.js,4,js,5778efb0,Junle Li,2026-04-24,11:41:52,-07:00,2026-04-24T11:41:52-07:00,2,13
index.js,5,js,5778efb0,Junle Li,2026-04-24,11:41:52,-07:00,2026-04-24T11:41:52-07:00,0,21
index.js,6,js,5778efb0,Junle Li,2026-04-24,11:41:52,-07:00,2026-04-24T11:41:52-07:00,0,0
index.js,7,js,5778efb0,Junle Li,2026-04-24,11:41:52,-07:00,2026-04-24T11:41:52-07:00,0,54
index.js,8,js,5778efb0,Junle Li,2026-04-24,11:41:52,-07:00,2026-04-24T11:41:52-07:00,0,0
index.js,9,js,5778efb0,Junle Li,2026-04-24,11:41:52,-07:00,2026-04-24T11:41:52-07:00,0,42
index.js,10,js,5778efb0,Junle Li,2026-04-24,11:41:52,-07:00,2026-04-24T11:41:52-07:00,0,0
index.js,11,js,5778efb0,Junle Li,2026-04-24,11:41:52,-07:00,2026-04-24T11:41:52-07:00,0,60
index.js,12,js,5778efb0,Junle Li,2026-04-24,11:41:52,-07:00,2026-04-24T11:41:52-07:00,0,0
index.js,13,js,5778efb0,Junle Li,2026-04-24,11:41:52,-07:00,2026-04-24T11:41:52-07:00,0,54
index.js,14,js,5778efb0,Junle Li,2026-04-24,11:41:52,-07:00,2026-04-24T11:41:52-07:00,0,0
index.js,15,js,5778efb0,Junle Li,2026-04-24,11:41:52,-07:00,2026-04-24T11:41:52-07:00,0,57
index.js,16,js,5778efb0,Junle Li,2026-04-24,11:41:52,-07:00,2026-04-24T11:41:52-07:00,0,0
index.js,17,js,5778efb0,Junle Li,2026-04-24,11:41:52,-07:00,2026-04-24T11:41:52-07:00,0,60
index.js,18,js,5778efb0,Junle Li,2026-04-24,11:41:52,-07:00,2026-04-24T11:41:52-07:00,0,0
index.js,19,js,5778efb0,Junle Li,2026-04-24,11:41:52,-07:00,2026-04-24T11:41:52-07:00,0,17
index.js,20,js,5778efb0,Junle Li,2026-04-24,11:41:52,-07:00,2026-04-24T11:41:52-07:00,2,24
index.js,21,js,5778efb0,Junle Li,2026-04-24,11:41:52,-07:00,2026-04-24T11:41:52-07:00,4,2
index.js,22,js,0ba4243c,Junle Li,2026-04-24,15:21:20,-07:00,2026-04-24T15:21:20-07:00,6,17
index.js,23,js,0ba4243c,Junle Li,2026-04-24,15:21:20,-07:00,2026-04-24T15:21:20-07:00,6,30
index.js,24,js,0ba4243c,Junle Li,2026-04-24,15:21:20,-07:00,2026-04-24T15:21:20-07:00,0,0
index.js,25,js,0ba4243c,Junle Li,2026-04-24,15:21:20,-07:00,2026-04-24T15:21:20-07:00,6,17
index.js,26,js,0ba4243c,Junle Li,2026-04-24,15:21:20,-07:00,2026-04-24T15:21:20-07:00,6,30
index.js,27,js,0ba4243c,Junle Li,2026-04-24,15:21:20,-07:00,2026-04-24T15:21:20-07:00,0,0
index.js,28,js,5778efb0,Junle Li,2026-04-24,11:41:52,-07:00,2026-04-24T11:41:52-07:00,6,20
index.js,29,js,5778efb0,Junle Li,2026-04-24,11:41:52,-07:00,2026-04-24T11:41:52-07:00,6,33
index.js,30,js,5778efb0,Junle Li,2026-04-24,11:41:52,-07:00,2026-04-24T11:41:52-07:00,0,0
index.js,31,js,5778efb0,Junle Li,2026-04-24,11:41:52,-07:00,2026-04-24T11:41:52-07:00,6,20
index.js,32,js,5778efb0,Junle Li,2026-04-24,11:41:52,-07:00,2026-04-24T11:41:52-07:00,6,33
index.js,33,js,5778efb0,Junle Li,2026-04-24,11:41:52,-07:00,2026-04-24T11:41:52-07:00,0,0
index.js,34,js,5778efb0,Junle Li,2026-04-24,11:41:52,-07:00,2026-04-24T11:41:52-07:00,4,3
index.js,35,js,5778efb0,Junle Li,2026-04-24,11:41:52,-07:00,2026-04-24T11:41:52-07:00,2,0
index.js,36,js,5778efb0,Junle Li,2026-04-24,11:41:52,-07:00,2026-04-24T11:41:52-07:00,0,0
index.html,1,html,7c6a5e79,Junle Li,2026-04-02,23:11:51,-07:00,2026-04-02T23:11:51-07:00,0,13
index.html,2,html,7c6a5e79,Junle Li,2026-04-02,23:11:51,-07:00,2026-04-02T23:11:51-07:00,0,14
index.html,3,html,7c6a5e79,Junle Li,2026-04-02,23:11:51,-07:00,2026-04-02T23:11:51-07:00,0,4
index.html,4,html,7c6a5e79,Junle Li,2026-04-02,23:11:51,-07:00,2026-04-02T23:11:51-07:00,2,20
index.html,5,html,7c6a5e79,Junle Li,2026-04-02,23:11:51,-07:00,2026-04-02T23:11:51-07:00,2,68
index.html,6,html,7c6a5e79,Junle Li,2026-04-02,23:11:51,-07:00,2026-04-02T23:11:51-07:00,2,52
index.html,7,html,ef139dc8,Junle Li,2026-04-03,20:52:25,-07:00,2026-04-03T20:52:25-07:00,2,38
index.html,8,html,7c6a5e79,Junle Li,2026-04-02,23:11:51,-07:00,2026-04-02T23:11:51-07:00,0,5
index.html,9,html,7c6a5e79,Junle Li,2026-04-02,23:11:51,-07:00,2026-04-02T23:11:51-07:00,0,4
index.html,10,html,7c6a5e79,Junle Li,2026-04-02,23:11:51,-07:00,2026-04-02T23:11:51-07:00,2,15
index.html,11,html,7c6a5e79,Junle Li,2026-04-02,23:11:51,-07:00,2026-04-02T23:11:51-07:00,0,0
index.html,12,html,ef139dc8,Junle Li,2026-04-03,20:52:25,-07:00,2026-04-03T20:52:25-07:00,2,112
index.html,13,html,ef139dc8,Junle Li,2026-04-03,20:52:25,-07:00,2026-04-03T20:52:25-07:00,0,0
index.html,14,html,ef139dc8,Junle Li,2026-04-03,20:52:25,-07:00,2026-04-03T20:52:25-07:00,2,84
index.html,15,html,02b21653,Junle Li,2026-04-03,21:18:02,-07:00,2026-04-03T21:18:02-07:00,2,49
index.html,16,html,7c6a5e79,Junle Li,2026-04-02,23:11:51,-07:00,2026-04-02T23:11:51-07:00,0,0
index.html,17,html,5778efb0,Junle Li,2026-04-24,11:41:52,-07:00,2026-04-24T11:41:52-07:00,2,19
index.html,18,html,5778efb0,Junle Li,2026-04-24,11:41:52,-07:00,2026-04-24T11:41:52-07:00,2,4
index.html,19,html,5778efb0,Junle Li,2026-04-24,11:41:52,-07:00,2026-04-24T11:41:52-07:00,2,22
index.html,20,html,5778efb0,Junle Li,2026-04-24,11:41:52,-07:00,2026-04-24T11:41:52-07:00,4,0
index.html,21,html,5778efb0,Junle Li,2026-04-24,11:41:52,-07:00,2026-04-24T11:41:52-07:00,2,4
index.html,22,html,71acd6b0,Junle Li,2026-04-24,15:13:20,-07:00,2026-04-24T15:13:20-07:00,0,0
index.html,23,html,71acd6b0,Junle Li,2026-04-24,15:13:20,-07:00,2026-04-24T15:13:20-07:00,2,22
index.html,24,html,71acd6b0,Junle Li,2026-04-24,15:13:20,-07:00,2026-04-24T15:13:20-07:00,2,20
index.html,25,html,71acd6b0,Junle Li,2026-04-24,15:13:20,-07:00,2026-04-24T15:13:20-07:00,0,0
index.html,26,html,5778efb0,Junle Li,2026-04-24,11:41:52,-07:00,2026-04-24T11:41:52-07:00,2,45
index.html,27,html,5778efb0,Junle Li,2026-04-24,11:41:52,-07:00,2026-04-24T11:41:52-07:00,2,50
index.html,28,html,7c6a5e79,Junle Li,2026-04-02,23:11:51,-07:00,2026-04-02T23:11:51-07:00,0,5
index.html,29,html,7c6a5e79,Junle Li,2026-04-02,23:11:51,-07:00,2026-04-02T23:11:51-07:00,0,5
global.js,1,js,8bb53971,Junle Li,2026-04-17,20:27:00,-07:00,2026-04-17T20:27:00-07:00,0,25
global.js,2,js,8bb53971,Junle Li,2026-04-17,20:27:00,-07:00,2026-04-17T20:27:00-07:00,0,0
global.js,3,js,8bb53971,Junle Li,2026-04-17,20:27:00,-07:00,2026-04-17T20:27:00-07:00,0,41
global.js,4,js,8bb53971,Junle Li,2026-04-17,20:27:00,-07:00,2026-04-17T20:27:00-07:00,2,52
global.js,5,js,8bb53971,Junle Li,2026-04-17,20:27:00,-07:00,2026-04-17T20:27:00-07:00,0,0
global.js,6,js,8bb53971,Junle Li,2026-04-17,20:27:00,-07:00,2026-04-17T20:27:00-07:00,0,0
global.js,7,js,8bb53971,Junle Li,2026-04-17,20:27:00,-07:00,2026-04-17T20:27:00-07:00,0,11
global.js,8,js,8bb53971,Junle Li,2026-04-17,20:27:00,-07:00,2026-04-17T20:27:00-07:00,2,25
global.js,9,js,8bb53971,Junle Li,2026-04-17,20:27:00,-07:00,2026-04-17T20:27:00-07:00,2,38
global.js,10,js,ee3cb06c,Junle Li,2026-04-17,20:59:16,-07:00,2026-04-17T20:59:16-07:00,2,30
global.js,11,js,8bb53971,Junle Li,2026-04-17,20:27:00,-07:00,2026-04-17T20:27:00-07:00,2,36
global.js,12,js,8bb53971,Junle Li,2026-04-17,20:27:00,-07:00,2026-04-17T20:27:00-07:00,2,69
global.js,13,js,8bb53971,Junle Li,2026-04-17,20:27:00,-07:00,2026-04-17T20:27:00-07:00,0,0
global.js,14,js,8bb53971,Junle Li,2026-04-17,20:27:00,-07:00,2026-04-17T20:27:00-07:00,0,0
global.js,15,js,8bb53971,Junle Li,2026-04-17,20:27:00,-07:00,2026-04-17T20:27:00-07:00,0,15
global.js,16,js,8bb53971,Junle Li,2026-04-17,20:27:00,-07:00,2026-04-17T20:27:00-07:00,2,68
global.js,17,js,8bb53971,Junle Li,2026-04-17,20:27:00,-07:00,2026-04-17T20:27:00-07:00,4,3
global.js,18,js,8bb53971,Junle Li,2026-04-17,20:27:00,-07:00,2026-04-17T20:27:00-07:00,4,14
global.js,19,js,8bb53971,Junle Li,2026-04-17,20:27:00,-07:00,2026-04-17T20:27:00-07:00,0,0
global.js,20,js,8bb53971,Junle Li,2026-04-17,20:27:00,-07:00,2026-04-17T20:27:00-07:00,0,38
global.js,21,js,8bb53971,Junle Li,2026-04-17,20:27:00,-07:00,2026-04-17T20:27:00-07:00,0,25
global.js,22,js,8bb53971,Junle Li,2026-04-17,20:27:00,-07:00,2026-04-17T20:27:00-07:00,0,0
global.js,23,js,8bb53971,Junle Li,2026-04-17,20:27:00,-07:00,2026-04-17T20:27:00-07:00,0,20
global.js,24,js,8bb53971,Junle Li,2026-04-17,20:27:00,-07:00,2026-04-17T20:27:00-07:00,2,14
global.js,25,js,8bb53971,Junle Li,2026-04-17,20:27:00,-07:00,2026-04-17T20:27:00-07:00,2,18
global.js,26,js,8bb53971,Junle Li,2026-04-17,20:27:00,-07:00,2026-04-17T20:27:00-07:00,0,0
global.js,27,js,8bb53971,Junle Li,2026-04-17,20:27:00,-07:00,2026-04-17T20:27:00-07:00,2,28
global.js,28,js,8bb53971,Junle Li,2026-04-17,20:27:00,-07:00,2026-04-17T20:27:00-07:00,4,20
global.js,29,js,8bb53971,Junle Li,2026-04-17,20:27:00,-07:00,2026-04-17T20:27:00-07:00,2,0
global.js,30,js,8bb53971,Junle Li,2026-04-17,20:27:00,-07:00,2026-04-17T20:27:00-07:00,0,0
global.js,31,js,8bb53971,Junle Li,2026-04-17,20:27:00,-07:00,2026-04-17T20:27:00-07:00,2,34
global.js,32,js,8bb53971,Junle Li,2026-04-17,20:27:00,-07:00,2026-04-17T20:27:00-07:00,2,11
global.js,33,js,8bb53971,Junle Li,2026-04-17,20:27:00,-07:00,2026-04-17T20:27:00-07:00,2,20
global.js,34,js,8bb53971,Junle Li,2026-04-17,20:27:00,-07:00,2026-04-17T20:27:00-07:00,0,0
global.js,35,js,8bb53971,Junle Li,2026-04-17,20:27:00,-07:00,2026-04-17T20:27:00-07:00,2,65
global.js,36,js,8bb53971,Junle Li,2026-04-17,20:27:00,-07:00,2026-04-17T20:27:00-07:00,4,25
global.js,37,js,8bb53971,Junle Li,2026-04-17,20:27:00,-07:00,2026-04-17T20:27:00-07:00,2,0
global.js,38,js,8bb53971,Junle Li,2026-04-17,20:27:00,-07:00,2026-04-17T20:27:00-07:00,0,0
global.js,39,js,8bb53971,Junle Li,2026-04-17,20:27:00,-07:00,2026-04-17T20:27:00-07:00,2,29
global.js,40,js,8bb53971,Junle Li,2026-04-17,20:27:00,-07:00,2026-04-17T20:27:00-07:00,4,18
global.js,41,js,8bb53971,Junle Li,2026-04-17,20:27:00,-07:00,2026-04-17T20:27:00-07:00,2,0
global.js,42,js,8bb53971,Junle Li,2026-04-17,20:27:00,-07:00,2026-04-17T20:27:00-07:00,0,0
global.js,43,js,8bb53971,Junle Li,2026-04-17,20:27:00,-07:00,2026-04-17T20:27:00-07:00,2,12
global.js,44,js,8bb53971,Junle Li,2026-04-17,20:27:00,-07:00,2026-04-17T20:27:00-07:00,0,0
global.js,45,js,8bb53971,Junle Li,2026-04-17,20:27:00,-07:00,2026-04-17T20:27:00-07:00,0,0
global.js,46,js,8bb53971,Junle Li,2026-04-17,20:27:00,-07:00,2026-04-17T20:27:00-07:00,0,31
global.js,47,js,8bb53971,Junle Li,2026-04-17,20:27:00,-07:00,2026-04-17T20:27:00-07:00,2,11
global.js,48,js,8bb53971,Junle Li,2026-04-17,20:27:00,-07:00,2026-04-17T20:27:00-07:00,2,0
global.js,49,js,8bb53971,Junle Li,2026-04-17,20:27:00,-07:00,2026-04-17T20:27:00-07:00,4,26
global.js,50,js,8bb53971,Junle Li,2026-04-17,20:27:00,-07:00,2026-04-17T20:27:00-07:00,6,4
global.js,51,js,8bb53971,Junle Li,2026-04-17,20:27:00,-07:00,2026-04-17T20:27:00-07:00,6,6
global.js,52,js,8bb53971,Junle Li,2026-04-17,20:27:00,-07:00,2026-04-17T20:27:00-07:00,8,43
global.js,53,js,8bb53971,Junle Li,2026-04-17,20:27:00,-07:00,2026-04-17T20:27:00-07:00,8,34
global.js,54,js,8bb53971,Junle Li,2026-04-17,20:27:00,-07:00,2026-04-17T20:27:00-07:00,8,32
global.js,55,js,8bb53971,Junle Li,2026-04-17,20:27:00,-07:00,2026-04-17T20:27:00-07:00,6,7
global.js,56,js,8bb53971,Junle Li,2026-04-17,20:27:00,-07:00,2026-04-17T20:27:00-07:00,4,6
global.js,57,js,8bb53971,Junle Li,2026-04-17,20:27:00,-07:00,2026-04-17T20:27:00-07:00,2,0
global.js,58,js,8bb53971,Junle Li,2026-04-17,20:27:00,-07:00,2026-04-17T20:27:00-07:00,0,0
global.js,59,js,8bb53971,Junle Li,2026-04-17,20:27:00,-07:00,2026-04-17T20:27:00-07:00,0,0
global.js,60,js,8bb53971,Junle Li,2026-04-17,20:27:00,-07:00,2026-04-17T20:27:00-07:00,0,58
global.js,61,js,8bb53971,Junle Li,2026-04-17,20:27:00,-07:00,2026-04-17T20:27:00-07:00,0,0
global.js,62,js,8bb53971,Junle Li,2026-04-17,20:27:00,-07:00,2026-04-17T20:27:00-07:00,0,49
global.js,63,js,1b4f3acd,Junle Li,2026-04-17,20:40:52,-07:00,2026-04-17T20:40:52-07:00,2,35
global.js,64,js,1b4f3acd,Junle Li,2026-04-17,20:40:52,-07:00,2026-04-17T20:40:52-07:00,2,70
global.js,65,js,1b4f3acd,Junle Li,2026-04-17,20:40:52,-07:00,2026-04-17T20:40:52-07:00,2,37
global.js,66,js,1b4f3acd,Junle Li,2026-04-17,20:40:52,-07:00,2026-04-17T20:40:52-07:00,0,1
global.js,67,js,1b4f3acd,Junle Li,2026-04-17,20:40:52,-07:00,2026-04-17T20:40:52-07:00,0,0
global.js,68,js,1b4f3acd,Junle Li,2026-04-17,20:40:52,-07:00,2026-04-17T20:40:52-07:00,0,34
global.js,69,js,1b4f3acd,Junle Li,2026-04-17,20:40:52,-07:00,2026-04-17T20:40:52-07:00,2,83
global.js,70,js,1b4f3acd,Junle Li,2026-04-17,20:40:52,-07:00,2026-04-17T20:40:52-07:00,2,38
global.js,71,js,ee3cb06c,Junle Li,2026-04-17,20:59:16,-07:00,2026-04-17T20:59:16-07:00,0,0
global.js,72,js,ee3cb06c,Junle Li,2026-04-17,20:59:16,-07:00,2026-04-17T20:59:16-07:00,0,0
global.js,73,js,ee3cb06c,Junle Li,2026-04-17,20:59:16,-07:00,2026-04-17T20:59:16-07:00,0,40
global.js,74,js,ee3cb06c,Junle Li,2026-04-17,20:59:16,-07:00,2026-04-17T20:59:16-07:00,0,0
global.js,75,js,ee3cb06c,Junle Li,2026-04-17,20:59:16,-07:00,2026-04-17T20:59:16-07:00,0,49
global.js,76,js,ee3cb06c,Junle Li,2026-04-17,20:59:16,-07:00,2026-04-17T20:59:16-07:00,2,21
global.js,77,js,ee3cb06c,Junle Li,2026-04-17,20:59:16,-07:00,2026-04-17T20:59:16-07:00,0,0
global.js,78,js,ee3cb06c,Junle Li,2026-04-17,20:59:16,-07:00,2026-04-17T20:59:16-07:00,2,28
global.js,79,js,ee3cb06c,Junle Li,2026-04-17,20:59:16,-07:00,2026-04-17T20:59:16-07:00,2,26
global.js,80,js,ee3cb06c,Junle Li,2026-04-17,20:59:16,-07:00,2026-04-17T20:59:16-07:00,2,14
global.js,81,js,ee3cb06c,Junle Li,2026-04-17,20:59:16,-07:00,2026-04-17T20:59:16-07:00,0,0
global.js,82,js,ee3cb06c,Junle Li,2026-04-17,20:59:16,-07:00,2026-04-17T20:59:16-07:00,2,31
global.js,83,js,ee3cb06c,Junle Li,2026-04-17,20:59:16,-07:00,2026-04-17T20:59:16-07:00,4,50
global.js,84,js,ee3cb06c,Junle Li,2026-04-17,20:59:16,-07:00,2026-04-17T20:59:16-07:00,2,0
global.js,85,js,ee3cb06c,Junle Li,2026-04-17,20:59:16,-07:00,2026-04-17T20:59:16-07:00,0,0
global.js,86,js,ee3cb06c,Junle Li,2026-04-17,20:59:16,-07:00,2026-04-17T20:59:16-07:00,2,22
global.js,87,js,ee3cb06c,Junle Li,2026-04-17,20:59:16,-07:00,2026-04-17T20:59:16-07:00,2,18
global.js,88,js,5778efb0,Junle Li,2026-04-24,11:41:52,-07:00,2026-04-24T11:41:52-07:00,0,1
global.js,89,js,5778efb0,Junle Li,2026-04-24,11:41:52,-07:00,2026-04-24T11:41:52-07:00,0,0
global.js,90,js,5778efb0,Junle Li,2026-04-24,11:41:52,-07:00,2026-04-24T11:41:52-07:00,0,36
global.js,91,js,5778efb0,Junle Li,2026-04-24,11:41:52,-07:00,2026-04-24T11:41:52-07:00,2,3
global.js,92,js,5778efb0,Junle Li,2026-04-24,11:41:52,-07:00,2026-04-24T11:41:52-07:00,4,32
global.js,93,js,5778efb0,Junle Li,2026-04-24,11:41:52,-07:00,2026-04-24T11:41:52-07:00,0,0
global.js,94,js,5778efb0,Junle Li,2026-04-24,11:41:52,-07:00,2026-04-24T11:41:52-07:00,4,17
global.js,95,js,5778efb0,Junle Li,2026-04-24,11:41:52,-07:00,2026-04-24T11:41:52-07:00,4,62
global.js,96,js,5778efb0,Junle Li,2026-04-24,11:41:52,-07:00,2026-04-24T11:41:52-07:00,4,0
global.js,97,js,5778efb0,Junle Li,2026-04-24,11:41:52,-07:00,2026-04-24T11:41:52-07:00,0,0
global.js,98,js,5778efb0,Junle Li,2026-04-24,11:41:52,-07:00,2026-04-24T11:41:52-07:00,4,33
global.js,99,js,5778efb0,Junle Li,2026-04-24,11:41:52,-07:00,2026-04-24T11:41:52-07:00,4,10
global.js,100,js,5778efb0,Junle Li,2026-04-24,11:41:52,-07:00,2026-04-24T11:41:52-07:00,2,17
global.js,101,js,5778efb0,Junle Li,2026-04-24,11:41:52,-07:00,2026-04-24T11:41:52-07:00,4,59
global.js,102,js,5778efb0,Junle Li,2026-04-24,11:41:52,-07:00,2026-04-24T11:41:52-07:00,2,0
global.js,103,js,5778efb0,Junle Li,2026-04-24,11:41:52,-07:00,2026-04-24T11:41:52-07:00,0,0
global.js,104,js,5778efb0,Junle Li,2026-04-24,11:41:52,-07:00,2026-04-24T11:41:52-07:00,0,0
global.js,105,js,5778efb0,Junle Li,2026-04-24,11:41:52,-07:00,2026-04-24T11:41:52-07:00,0,79
global.js,106,js,5778efb0,Junle Li,2026-04-24,11:41:52,-07:00,2026-04-24T11:41:52-07:00,2,22
global.js,107,js,5778efb0,Junle Li,2026-04-24,11:41:52,-07:00,2026-04-24T11:41:52-07:00,4,5
global.js,108,js,5778efb0,Junle Li,2026-04-24,11:41:52,-07:00,2026-04-24T11:41:52-07:00,2,0
global.js,109,js,5778efb0,Junle Li,2026-04-24,11:41:52,-07:00,2026-04-24T11:41:52-07:00,0,0
global.js,110,js,5778efb0,Junle Li,2026-04-24,11:41:52,-07:00,2026-04-24T11:41:52-07:00,2,30
global.js,111,js,5778efb0,Junle Li,2026-04-24,11:41:52,-07:00,2026-04-24T11:41:52-07:00,0,0
global.js,112,js,5778efb0,Junle Li,2026-04-24,11:41:52,-07:00,2026-04-24T11:41:52-07:00,2,29
global.js,113,js,5778efb0,Junle Li,2026-04-24,11:41:52,-07:00,2026-04-24T11:41:52-07:00,4,48
global.js,114,js,5778efb0,Junle Li,2026-04-24,11:41:52,-07:00,2026-04-24T11:41:52-07:00,0,0
global.js,115,js,5778efb0,Junle Li,2026-04-24,11:41:52,-07:00,2026-04-24T11:41:52-07:00,4,19
global.js,116,js,5778efb0,Junle Li,2026-04-24,11:41:52,-07:00,2026-04-24T11:41:52-07:00,6,49
global.js,117,js,5778efb0,Junle Li,2026-04-24,11:41:52,-07:00,2026-04-24T11:41:52-07:00,6,49
global.js,118,js,6c88e543,Junle Li,2026-05-01,19:11:36,-07:00,2026-05-01T19:11:36-07:00,6,3
global.js,119,js,6c88e543,Junle Li,2026-05-01,19:11:36,-07:00,2026-05-01T19:11:36-07:00,8,27
global.js,120,js,6c88e543,Junle Li,2026-05-01,19:11:36,-07:00,2026-05-01T19:11:36-07:00,8,44
global.js,121,js,6c88e543,Junle Li,2026-05-01,19:11:36,-07:00,2026-05-01T19:11:36-07:00,6,4
global.js,122,js,5778efb0,Junle Li,2026-04-24,11:41:52,-07:00,2026-04-24T11:41:52-07:00,2,0
global.js,123,js,5778efb0,Junle Li,2026-04-24,11:41:52,-07:00,2026-04-24T11:41:52-07:00,0,0
global.js,124,js,5778efb0,Junle Li,2026-04-24,11:41:52,-07:00,2026-04-24T11:41:52-07:00,4,36
global.js,125,js,5778efb0,Junle Li,2026-04-24,11:41:52,-07:00,2026-04-24T11:41:52-07:00,2,0
global.js,126,js,d7baa5cc,Junle Li,2026-04-24,14:30:26,-07:00,2026-04-24T14:30:26-07:00,0,0
global.js,127,js,d7baa5cc,Junle Li,2026-04-24,14:30:26,-07:00,2026-04-24T14:30:26-07:00,0,0
global.js,128,js,d7baa5cc,Junle Li,2026-04-24,14:30:26,-07:00,2026-04-24T14:30:26-07:00,0,47
global.js,129,js,d7baa5cc,Junle Li,2026-04-24,14:30:26,-07:00,2026-04-24T14:30:26-07:00,2,59
global.js,130,js,5778efb0,Junle Li,2026-04-24,11:41:52,-07:00,2026-04-24T11:41:52-07:00,0,0
resume\index.html,1,html,ef139dc8,Junle Li,2026-04-03,20:52:25,-07:00,2026-04-03T20:52:25-07:00,0,13
resume\index.html,2,html,ef139dc8,Junle Li,2026-04-03,20:52:25,-07:00,2026-04-03T20:52:25-07:00,0,14
resume\index.html,3,html,ef139dc8,Junle Li,2026-04-03,20:52:25,-07:00,2026-04-03T20:52:25-07:00,0,4
resume\index.html,4,html,ef139dc8,Junle Li,2026-04-03,20:52:25,-07:00,2026-04-03T20:52:25-07:00,2,20
resume\index.html,5,html,ef139dc8,Junle Li,2026-04-03,20:52:25,-07:00,2026-04-03T20:52:25-07:00,2,68
resume\index.html,6,html,ef139dc8,Junle Li,2026-04-03,20:52:25,-07:00,2026-04-03T20:52:25-07:00,2,21
resume\index.html,7,html,85a9d901,Junle Li,2026-04-10,07:11:34,-07:00,2026-04-10T07:11:34-07:00,2,41
resume\index.html,8,html,ef139dc8,Junle Li,2026-04-03,20:52:25,-07:00,2026-04-03T20:52:25-07:00,0,5
resume\index.html,9,html,ef139dc8,Junle Li,2026-04-03,20:52:25,-07:00,2026-04-03T20:52:25-07:00,0,4
resume\index.html,10,html,ef139dc8,Junle Li,2026-04-03,20:52:25,-07:00,2026-04-03T20:52:25-07:00,0,0
resume\index.html,11,html,ef139dc8,Junle Li,2026-04-03,20:52:25,-07:00,2026-04-03T20:52:25-07:00,2,15
resume\index.html,12,html,7a6d09ac,Junle Li,2026-04-10,20:13:22,-07:00,2026-04-10T20:13:22-07:00,2,25
resume\index.html,13,html,7a6d09ac,Junle Li,2026-04-10,20:13:22,-07:00,2026-04-10T20:13:22-07:00,0,0
resume\index.html,14,html,ef139dc8,Junle Li,2026-04-03,20:52:25,-07:00,2026-04-03T20:52:25-07:00,2,7
resume\index.html,15,html,ef139dc8,Junle Li,2026-04-03,20:52:25,-07:00,2026-04-03T20:52:25-07:00,4,16
resume\index.html,16,html,ef139dc8,Junle Li,2026-04-03,20:52:25,-07:00,2026-04-03T20:52:25-07:00,4,7
resume\index.html,17,html,7a6d09ac,Junle Li,2026-04-10,20:13:22,-07:00,2026-04-10T20:13:22-07:00,6,41
resume\index.html,18,html,7a6d09ac,Junle Li,2026-04-10,20:13:22,-07:00,2026-04-10T20:13:22-07:00,6,26
resume\index.html,19,html,7a6d09ac,Junle Li,2026-04-10,20:13:22,-07:00,2026-04-10T20:13:22-07:00,6,88
resume\index.html,20,html,ef139dc8,Junle Li,2026-04-03,20:52:25,-07:00,2026-04-03T20:52:25-07:00,4,8
resume\index.html,21,html,ef139dc8,Junle Li,2026-04-03,20:52:25,-07:00,2026-04-03T20:52:25-07:00,2,8
resume\index.html,22,html,ef139dc8,Junle Li,2026-04-03,20:52:25,-07:00,2026-04-03T20:52:25-07:00,0,0
resume\index.html,23,html,ef139dc8,Junle Li,2026-04-03,20:52:25,-07:00,2026-04-03T20:52:25-07:00,2,7
resume\index.html,24,html,7a6d09ac,Junle Li,2026-04-10,20:13:22,-07:00,2026-04-10T20:13:22-07:00,4,15
resume\index.html,25,html,7a6d09ac,Junle Li,2026-04-10,20:13:22,-07:00,2026-04-10T20:13:22-07:00,0,0
resume\index.html,26,html,ef139dc8,Junle Li,2026-04-03,20:52:25,-07:00,2026-04-03T20:52:25-07:00,4,7
resume\index.html,27,html,7a6d09ac,Junle Li,2026-04-10,20:13:22,-07:00,2026-04-10T20:13:22-07:00,6,14
resume\index.html,28,html,7a6d09ac,Junle Li,2026-04-10,20:13:22,-07:00,2026-04-10T20:13:22-07:00,6,2
resume\index.html,29,html,7a6d09ac,Junle Li,2026-04-10,20:13:22,-07:00,2026-04-10T20:13:22-07:00,8,20
resume\index.html,30,html,7a6d09ac,Junle Li,2026-04-10,20:13:22,-07:00,2026-04-10T20:13:22-07:00,8,25
resume\index.html,31,html,7a6d09ac,Junle Li,2026-04-10,20:13:22,-07:00,2026-04-10T20:13:22-07:00,8,14
resume\index.html,32,html,7a6d09ac,Junle Li,2026-04-10,20:13:22,-07:00,2026-04-10T20:13:22-07:00,6,3
resume\index.html,33,html,ef139dc8,Junle Li,2026-04-03,20:52:25,-07:00,2026-04-03T20:52:25-07:00,4,8
resume\index.html,34,html,7a6d09ac,Junle Li,2026-04-10,20:13:22,-07:00,2026-04-10T20:13:22-07:00,0,0
resume\index.html,35,html,43a25079,Junle Li,2026-04-03,21:15:06,-07:00,2026-04-03T21:15:06-07:00,4,7
resume\index.html,36,html,7a6d09ac,Junle Li,2026-04-10,20:13:22,-07:00,2026-04-10T20:13:22-07:00,6,13
resume\index.html,37,html,7a6d09ac,Junle Li,2026-04-10,20:13:22,-07:00,2026-04-10T20:13:22-07:00,6,2
resume\index.html,38,html,7a6d09ac,Junle Li,2026-04-10,20:13:22,-07:00,2026-04-10T20:13:22-07:00,8,13
resume\index.html,39,html,7a6d09ac,Junle Li,2026-04-10,20:13:22,-07:00,2026-04-10T20:13:22-07:00,8,19
resume\index.html,40,html,7a6d09ac,Junle Li,2026-04-10,20:13:22,-07:00,2026-04-10T20:13:22-07:00,8,25
resume\index.html,41,html,7a6d09ac,Junle Li,2026-04-10,20:13:22,-07:00,2026-04-10T20:13:22-07:00,8,23
resume\index.html,42,html,7a6d09ac,Junle Li,2026-04-10,20:13:22,-07:00,2026-04-10T20:13:22-07:00,6,3
resume\index.html,43,html,43a25079,Junle Li,2026-04-03,21:15:06,-07:00,2026-04-03T21:15:06-07:00,4,8
resume\index.html,44,html,ef139dc8,Junle Li,2026-04-03,20:52:25,-07:00,2026-04-03T20:52:25-07:00,0,0
resume\index.html,45,html,ef139dc8,Junle Li,2026-04-03,20:52:25,-07:00,2026-04-03T20:52:25-07:00,4,7
resume\index.html,46,html,7a6d09ac,Junle Li,2026-04-10,20:13:22,-07:00,2026-04-10T20:13:22-07:00,6,13
resume\index.html,47,html,7a6d09ac,Junle Li,2026-04-10,20:13:22,-07:00,2026-04-10T20:13:22-07:00,6,74
resume\index.html,48,html,ef139dc8,Junle Li,2026-04-03,20:52:25,-07:00,2026-04-03T20:52:25-07:00,4,8
resume\index.html,49,html,ef139dc8,Junle Li,2026-04-03,20:52:25,-07:00,2026-04-03T20:52:25-07:00,2,8
resume\index.html,50,html,ef139dc8,Junle Li,2026-04-03,20:52:25,-07:00,2026-04-03T20:52:25-07:00,0,0
resume\index.html,51,html,ef139dc8,Junle Li,2026-04-03,20:52:25,-07:00,2026-04-03T20:52:25-07:00,2,7
resume\index.html,52,html,ef139dc8,Junle Li,2026-04-03,20:52:25,-07:00,2026-04-03T20:52:25-07:00,4,19
resume\index.html,53,html,7a6d09ac,Junle Li,2026-04-10,20:13:22,-07:00,2026-04-10T20:13:22-07:00,4,25
resume\index.html,54,html,7a6d09ac,Junle Li,2026-04-10,20:13:22,-07:00,2026-04-10T20:13:22-07:00,4,23
resume\index.html,55,html,ef139dc8,Junle Li,2026-04-03,20:52:25,-07:00,2026-04-03T20:52:25-07:00,2,8
resume\index.html,56,html,ef139dc8,Junle Li,2026-04-03,20:52:25,-07:00,2026-04-03T20:52:25-07:00,0,0
resume\index.html,57,html,8bb53971,Junle Li,2026-04-17,20:27:00,-07:00,2026-04-17T20:27:00-07:00,2,48
resume\index.html,58,html,ef139dc8,Junle Li,2026-04-03,20:52:25,-07:00,2026-04-03T20:52:25-07:00,0,5
resume\index.html,59,html,ef139dc8,Junle Li,2026-04-03,20:52:25,-07:00,2026-04-03T20:52:25-07:00,0,5
projects\projects.js,1,js,6c88e543,Junle Li,2026-05-01,19:11:36,-07:00,2026-05-01T19:11:36-07:00,0,63
projects\projects.js,2,js,5778efb0,Junle Li,2026-04-24,11:41:52,-07:00,2026-04-24T11:41:52-07:00,0,55
projects\projects.js,3,js,5778efb0,Junle Li,2026-04-24,11:41:52,-07:00,2026-04-24T11:41:52-07:00,0,0
projects\projects.js,4,js,5778efb0,Junle Li,2026-04-24,11:41:52,-07:00,2026-04-24T11:41:52-07:00,0,55
projects\projects.js,5,js,5778efb0,Junle Li,2026-04-24,11:41:52,-07:00,2026-04-24T11:41:52-07:00,0,0
projects\projects.js,6,js,5778efb0,Junle Li,2026-04-24,11:41:52,-07:00,2026-04-24T11:41:52-07:00,0,60
projects\projects.js,7,js,5778efb0,Junle Li,2026-04-24,11:41:52,-07:00,2026-04-24T11:41:52-07:00,0,0
projects\projects.js,8,js,a2604204,Junle Li,2026-05-01,22:54:52,-07:00,2026-05-01T22:54:52-07:00,0,22
projects\projects.js,9,js,6c88e543,Junle Li,2026-05-01,19:11:36,-07:00,2026-05-01T19:11:36-07:00,0,13
projects\projects.js,10,js,6c88e543,Junle Li,2026-05-01,19:11:36,-07:00,2026-05-01T19:11:36-07:00,0,0
projects\projects.js,11,js,5778efb0,Junle Li,2026-04-24,11:41:52,-07:00,2026-04-24T11:41:52-07:00,0,48
projects\projects.js,12,js,6c88e543,Junle Li,2026-05-01,19:11:36,-07:00,2026-05-01T19:11:36-07:00,0,23
projects\projects.js,13,js,5778efb0,Junle Li,2026-04-24,11:41:52,-07:00,2026-04-24T11:41:52-07:00,0,0
projects\projects.js,14,js,5778efb0,Junle Li,2026-04-24,11:41:52,-07:00,2026-04-24T11:41:52-07:00,0,54
projects\projects.js,15,js,5778efb0,Junle Li,2026-04-24,11:41:52,-07:00,2026-04-24T11:41:52-07:00,0,0
projects\projects.js,16,js,5778efb0,Junle Li,2026-04-24,11:41:52,-07:00,2026-04-24T11:41:52-07:00,0,10
projects\projects.js,17,js,5778efb0,Junle Li,2026-04-24,11:41:52,-07:00,2026-04-24T11:41:52-07:00,2,48
projects\projects.js,18,js,6c88e543,Junle Li,2026-05-01,19:11:36,-07:00,2026-05-01T19:11:36-07:00,0,0
projects\projects.js,19,js,6c88e543,Junle Li,2026-05-01,19:11:36,-07:00,2026-05-01T19:11:36-07:00,0,0
projects\projects.js,20,js,6c88e543,Junle Li,2026-05-01,19:11:36,-07:00,2026-05-01T19:11:36-07:00,0,0
projects\projects.js,21,js,6c88e543,Junle Li,2026-05-01,19:11:36,-07:00,2026-05-01T19:11:36-07:00,0,30
projects\projects.js,22,js,6c88e543,Junle Li,2026-05-01,19:11:36,-07:00,2026-05-01T19:11:36-07:00,2,35
projects\projects.js,23,js,6c88e543,Junle Li,2026-05-01,19:11:36,-07:00,2026-05-01T19:11:36-07:00,4,59
projects\projects.js,24,js,6c88e543,Junle Li,2026-05-01,19:11:36,-07:00,2026-05-01T19:11:36-07:00,4,55
projects\projects.js,25,js,6c88e543,Junle Li,2026-05-01,19:11:36,-07:00,2026-05-01T19:11:36-07:00,4,71
projects\projects.js,26,js,6c88e543,Junle Li,2026-05-01,19:11:36,-07:00,2026-05-01T19:11:36-07:00,0,0
projects\projects.js,27,js,6c88e543,Junle Li,2026-05-01,19:11:36,-07:00,2026-05-01T19:11:36-07:00,4,34
projects\projects.js,28,js,6c88e543,Junle Li,2026-05-01,19:11:36,-07:00,2026-05-01T19:11:36-07:00,2,1
projects\projects.js,29,js,6c88e543,Junle Li,2026-05-01,19:11:36,-07:00,2026-05-01T19:11:36-07:00,0,0
projects\projects.js,30,js,6c88e543,Junle Li,2026-05-01,19:11:36,-07:00,2026-05-01T19:11:36-07:00,0,0
projects\projects.js,31,js,6c88e543,Junle Li,2026-05-01,19:11:36,-07:00,2026-05-01T19:11:36-07:00,0,38
projects\projects.js,32,js,6c88e543,Junle Li,2026-05-01,19:11:36,-07:00,2026-05-01T19:11:36-07:00,2,40
projects\projects.js,33,js,6c88e543,Junle Li,2026-05-01,19:11:36,-07:00,2026-05-01T19:11:36-07:00,2,29
projects\projects.js,34,js,6c88e543,Junle Li,2026-05-01,19:11:36,-07:00,2026-05-01T19:11:36-07:00,0,0
projects\projects.js,35,js,6c88e543,Junle Li,2026-05-01,19:11:36,-07:00,2026-05-01T19:11:36-07:00,2,32
projects\projects.js,36,js,6c88e543,Junle Li,2026-05-01,19:11:36,-07:00,2026-05-01T19:11:36-07:00,2,30
projects\projects.js,37,js,6c88e543,Junle Li,2026-05-01,19:11:36,-07:00,2026-05-01T19:11:36-07:00,0,0
projects\projects.js,38,js,6c88e543,Junle Li,2026-05-01,19:11:36,-07:00,2026-05-01T19:11:36-07:00,2,26
projects\projects.js,39,js,6c88e543,Junle Li,2026-05-01,19:11:36,-07:00,2026-05-01T19:11:36-07:00,4,12
projects\projects.js,40,js,6c88e543,Junle Li,2026-05-01,19:11:36,-07:00,2026-05-01T19:11:36-07:00,4,14
projects\projects.js,41,js,6c88e543,Junle Li,2026-05-01,19:11:36,-07:00,2026-05-01T19:11:36-07:00,4,11
projects\projects.js,42,js,6c88e543,Junle Li,2026-05-01,19:11:36,-07:00,2026-05-01T19:11:36-07:00,2,0
projects\projects.js,43,js,6c88e543,Junle Li,2026-05-01,19:11:36,-07:00,2026-05-01T19:11:36-07:00,0,0
projects\projects.js,44,js,6c88e543,Junle Li,2026-05-01,19:11:36,-07:00,2026-05-01T19:11:36-07:00,2,44
projects\projects.js,45,js,6c88e543,Junle Li,2026-05-01,19:11:36,-07:00,2026-05-01T19:11:36-07:00,4,6
projects\projects.js,46,js,6c88e543,Junle Li,2026-05-01,19:11:36,-07:00,2026-05-01T19:11:36-07:00,6,11
projects\projects.js,47,js,6c88e543,Junle Li,2026-05-01,19:11:36,-07:00,2026-05-01T19:11:36-07:00,6,9
projects\projects.js,48,js,6c88e543,Junle Li,2026-05-01,19:11:36,-07:00,2026-05-01T19:11:36-07:00,4,0
projects\projects.js,49,js,6c88e543,Junle Li,2026-05-01,19:11:36,-07:00,2026-05-01T19:11:36-07:00,2,1
projects\projects.js,50,js,6c88e543,Junle Li,2026-05-01,19:11:36,-07:00,2026-05-01T19:11:36-07:00,0,0
projects\projects.js,51,js,6c88e543,Junle Li,2026-05-01,19:11:36,-07:00,2026-05-01T19:11:36-07:00,2,57
projects\projects.js,52,js,6c88e543,Junle Li,2026-05-01,19:11:36,-07:00,2026-05-01T19:11:36-07:00,2,50
projects\projects.js,53,js,6c88e543,Junle Li,2026-05-01,19:11:36,-07:00,2026-05-01T19:11:36-07:00,2,33
projects\projects.js,54,js,6c88e543,Junle Li,2026-05-01,19:11:36,-07:00,2026-05-01T19:11:36-07:00,2,45
projects\projects.js,55,js,6c88e543,Junle Li,2026-05-01,19:11:36,-07:00,2026-05-01T19:11:36-07:00,0,0
projects\projects.js,56,js,6c88e543,Junle Li,2026-05-01,19:11:36,-07:00,2026-05-01T19:11:36-07:00,2,47
projects\projects.js,57,js,6c88e543,Junle Li,2026-05-01,19:11:36,-07:00,2026-05-01T19:11:36-07:00,0,0
projects\projects.js,58,js,6c88e543,Junle Li,2026-05-01,19:11:36,-07:00,2026-05-01T19:11:36-07:00,2,24
projects\projects.js,59,js,6c88e543,Junle Li,2026-05-01,19:11:36,-07:00,2026-05-01T19:11:36-07:00,4,1
projects\projects.js,60,js,6c88e543,Junle Li,2026-05-01,19:11:36,-07:00,2026-05-01T19:11:36-07:00,6,13
projects\projects.js,61,js,6c88e543,Junle Li,2026-05-01,19:11:36,-07:00,2026-05-01T19:11:36-07:00,6,13
projects\projects.js,62,js,6c88e543,Junle Li,2026-05-01,19:11:36,-07:00,2026-05-01T19:11:36-07:00,6,22
projects\projects.js,63,js,6c88e543,Junle Li,2026-05-01,19:11:36,-07:00,2026-05-01T19:11:36-07:00,6,62
projects\projects.js,64,js,6c88e543,Junle Li,2026-05-01,19:11:36,-07:00,2026-05-01T19:11:36-07:00,6,18
projects\projects.js,65,js,6c88e543,Junle Li,2026-05-01,19:11:36,-07:00,2026-05-01T19:11:36-07:00,8,67
projects\projects.js,66,js,6c88e543,Junle Li,2026-05-01,19:11:36,-07:00,2026-05-01T19:11:36-07:00,0,0
projects\projects.js,67,js,6c88e543,Junle Li,2026-05-01,19:11:36,-07:00,2026-05-01T19:11:36-07:00,8,43
projects\projects.js,68,js,6c88e543,Junle Li,2026-05-01,19:11:36,-07:00,2026-05-01T19:11:36-07:00,0,0
projects\projects.js,69,js,6c88e543,Junle Li,2026-05-01,19:11:36,-07:00,2026-05-01T19:11:36-07:00,8,31
projects\projects.js,70,js,6c88e543,Junle Li,2026-05-01,19:11:36,-07:00,2026-05-01T19:11:36-07:00,8,56
projects\projects.js,71,js,6c88e543,Junle Li,2026-05-01,19:11:36,-07:00,2026-05-01T19:11:36-07:00,0,0
projects\projects.js,72,js,6c88e543,Junle Li,2026-05-01,19:11:36,-07:00,2026-05-01T19:11:36-07:00,8,57
projects\projects.js,73,js,6c88e543,Junle Li,2026-05-01,19:11:36,-07:00,2026-05-01T19:11:36-07:00,10,59
projects\projects.js,74,js,6c88e543,Junle Li,2026-05-01,19:11:36,-07:00,2026-05-01T19:11:36-07:00,10,42
projects\projects.js,75,js,6c88e543,Junle Li,2026-05-01,19:11:36,-07:00,2026-05-01T19:11:36-07:00,8,1
projects\projects.js,76,js,6c88e543,Junle Li,2026-05-01,19:11:36,-07:00,2026-05-01T19:11:36-07:00,0,0
projects\projects.js,77,js,6c88e543,Junle Li,2026-05-01,19:11:36,-07:00,2026-05-01T19:11:36-07:00,8,37
projects\projects.js,78,js,6c88e543,Junle Li,2026-05-01,19:11:36,-07:00,2026-05-01T19:11:36-07:00,6,1
projects\projects.js,79,js,6c88e543,Junle Li,2026-05-01,19:11:36,-07:00,2026-05-01T19:11:36-07:00,2,1
projects\projects.js,80,js,6c88e543,Junle Li,2026-05-01,19:11:36,-07:00,2026-05-01T19:11:36-07:00,0,0
projects\projects.js,81,js,6c88e543,Junle Li,2026-05-01,19:11:36,-07:00,2026-05-01T19:11:36-07:00,2,22
projects\projects.js,82,js,6c88e543,Junle Li,2026-05-01,19:11:36,-07:00,2026-05-01T19:11:36-07:00,4,4
projects\projects.js,83,js,6c88e543,Junle Li,2026-05-01,19:11:36,-07:00,2026-05-01T19:11:36-07:00,6,11
projects\projects.js,84,js,6c88e543,Junle Li,2026-05-01,19:11:36,-07:00,2026-05-01T19:11:36-07:00,6,36
projects\projects.js,85,js,6c88e543,Junle Li,2026-05-01,19:11:36,-07:00,2026-05-01T19:11:36-07:00,6,56
projects\projects.js,86,js,6c88e543,Junle Li,2026-05-01,19:11:36,-07:00,2026-05-01T19:11:36-07:00,6,69
projects\projects.js,87,js,6c88e543,Junle Li,2026-05-01,19:11:36,-07:00,2026-05-01T19:11:36-07:00,2,1
projects\projects.js,88,js,6c88e543,Junle Li,2026-05-01,19:11:36,-07:00,2026-05-01T19:11:36-07:00,0,0
projects\projects.js,89,js,6c88e543,Junle Li,2026-05-01,19:11:36,-07:00,2026-05-01T19:11:36-07:00,0,0
projects\projects.js,90,js,6c88e543,Junle Li,2026-05-01,19:11:36,-07:00,2026-05-01T19:11:36-07:00,0,53
projects\projects.js,91,js,6c88e543,Junle Li,2026-05-01,19:11:36,-07:00,2026-05-01T19:11:36-07:00,0,0
projects\projects.js,92,js,6c88e543,Junle Li,2026-05-01,19:11:36,-07:00,2026-05-01T19:11:36-07:00,0,48
projects\projects.js,93,js,6c88e543,Junle Li,2026-05-01,19:11:36,-07:00,2026-05-01T19:11:36-07:00,2,25
projects\projects.js,94,js,6c88e543,Junle Li,2026-05-01,19:11:36,-07:00,2026-05-01T19:11:36-07:00,0,0
projects\projects.js,95,js,6c88e543,Junle Li,2026-05-01,19:11:36,-07:00,2026-05-01T19:11:36-07:00,2,43
projects\projects.js,96,js,6c88e543,Junle Li,2026-05-01,19:11:36,-07:00,2026-05-01T19:11:36-07:00,0,0
projects\projects.js,97,js,6c88e543,Junle Li,2026-05-01,19:11:36,-07:00,2026-05-01T19:11:36-07:00,2,31
projects\projects.js,98,js,6c88e543,Junle Li,2026-05-01,19:11:36,-07:00,2026-05-01T19:11:36-07:00,2,56
projects\projects.js,99,js,c8f15b3c,Junle Li,2026-05-01,21:23:38,-07:00,2026-05-01T21:23:38-07:00,0,0
projects\projects.js,100,js,c8f15b3c,Junle Li,2026-05-01,21:23:38,-07:00,2026-05-01T21:23:38-07:00,2,57
projects\projects.js,101,js,c8f15b3c,Junle Li,2026-05-01,21:23:38,-07:00,2026-05-01T21:23:38-07:00,4,59
projects\projects.js,102,js,c8f15b3c,Junle Li,2026-05-01,21:23:38,-07:00,2026-05-01T21:23:38-07:00,4,42
projects\projects.js,103,js,c8f15b3c,Junle Li,2026-05-01,21:23:38,-07:00,2026-05-01T21:23:38-07:00,2,1
projects\projects.js,104,js,a2604204,Junle Li,2026-05-01,22:54:52,-07:00,2026-05-01T22:54:52-07:00,2,0
projects\projects.js,105,js,6c88e543,Junle Li,2026-05-01,19:11:36,-07:00,2026-05-01T19:11:36-07:00,2,31
projects\projects.js,106,js,6c88e543,Junle Li,2026-05-01,19:11:36,-07:00,2026-05-01T19:11:36-07:00,0,1
projects\index.html,1,html,ef139dc8,Junle Li,2026-04-03,20:52:25,-07:00,2026-04-03T20:52:25-07:00,0,13
projects\index.html,2,html,ef139dc8,Junle Li,2026-04-03,20:52:25,-07:00,2026-04-03T20:52:25-07:00,0,14
projects\index.html,3,html,ef139dc8,Junle Li,2026-04-03,20:52:25,-07:00,2026-04-03T20:52:25-07:00,0,4
projects\index.html,4,html,ef139dc8,Junle Li,2026-04-03,20:52:25,-07:00,2026-04-03T20:52:25-07:00,2,20
projects\index.html,5,html,ef139dc8,Junle Li,2026-04-03,20:52:25,-07:00,2026-04-03T20:52:25-07:00,2,68
projects\index.html,6,html,ef139dc8,Junle Li,2026-04-03,20:52:25,-07:00,2026-04-03T20:52:25-07:00,2,52
projects\index.html,7,html,85a9d901,Junle Li,2026-04-10,07:11:34,-07:00,2026-04-10T07:11:34-07:00,2,41
projects\index.html,8,html,ef139dc8,Junle Li,2026-04-03,20:52:25,-07:00,2026-04-03T20:52:25-07:00,0,5
projects\index.html,9,html,ef139dc8,Junle Li,2026-04-03,20:52:25,-07:00,2026-04-03T20:52:25-07:00,0,4
projects\index.html,10,html,ef139dc8,Junle Li,2026-04-03,20:52:25,-07:00,2026-04-03T20:52:25-07:00,0,0
projects\index.html,11,html,658b17b6,Junle Li,2026-04-24,14:02:24,-07:00,2026-04-24T14:02:24-07:00,2,38
projects\index.html,12,html,658b17b6,Junle Li,2026-04-24,14:02:24,-07:00,2026-04-24T14:02:24-07:00,0,0
projects\index.html,13,html,6c88e543,Junle Li,2026-05-01,19:11:36,-07:00,2026-05-01T19:11:36-07:00,2,21
projects\index.html,14,html,6c88e543,Junle Li,2026-05-01,19:11:36,-07:00,2026-05-01T19:11:36-07:00,4,58
projects\index.html,15,html,6c88e543,Junle Li,2026-05-01,19:11:36,-07:00,2026-05-01T19:11:36-07:00,4,22
projects\index.html,16,html,6c88e543,Junle Li,2026-05-01,19:11:36,-07:00,2026-05-01T19:11:36-07:00,2,4
projects\index.html,17,html,6c88e543,Junle Li,2026-05-01,19:11:36,-07:00,2026-05-01T19:11:36-07:00,0,0
projects\index.html,18,html,6c88e543,Junle Li,2026-05-01,19:11:36,-07:00,2026-05-01T19:11:36-07:00,2,4
projects\index.html,19,html,6c88e543,Junle Li,2026-05-01,19:11:36,-07:00,2026-05-01T19:11:36-07:00,4,15
projects\index.html,20,html,6c88e543,Junle Li,2026-05-01,19:11:36,-07:00,2026-05-01T19:11:36-07:00,4,11
projects\index.html,21,html,6c88e543,Junle Li,2026-05-01,19:11:36,-07:00,2026-05-01T19:11:36-07:00,4,26
projects\index.html,22,html,6c88e543,Junle Li,2026-05-01,19:11:36,-07:00,2026-05-01T19:11:36-07:00,4,33
projects\index.html,23,html,6c88e543,Junle Li,2026-05-01,19:11:36,-07:00,2026-05-01T19:11:36-07:00,2,0
projects\index.html,24,html,6c88e543,Junle Li,2026-05-01,19:11:36,-07:00,2026-05-01T19:11:36-07:00,0,0
projects\index.html,25,html,ba5479fe,Junle Li,2026-04-10,07:29:41,-07:00,2026-04-10T07:29:41-07:00,2,20
projects\index.html,26,html,658b17b6,Junle Li,2026-04-24,14:02:24,-07:00,2026-04-24T14:02:24-07:00,0,0
projects\index.html,27,html,ba5479fe,Junle Li,2026-04-10,07:29:41,-07:00,2026-04-10T07:29:41-07:00,2,4
projects\index.html,28,html,658b17b6,Junle Li,2026-04-24,14:02:24,-07:00,2026-04-24T14:02:24-07:00,0,0
projects\index.html,29,html,658b17b6,Junle Li,2026-04-24,14:02:24,-07:00,2026-04-24T14:02:24-07:00,2,48
projects\index.html,30,html,658b17b6,Junle Li,2026-04-24,14:02:24,-07:00,2026-04-24T14:02:24-07:00,2,47
projects\index.html,31,html,ef139dc8,Junle Li,2026-04-03,20:52:25,-07:00,2026-04-03T20:52:25-07:00,0,5
projects\index.html,32,html,ef139dc8,Junle Li,2026-04-03,20:52:25,-07:00,2026-04-03T20:52:25-07:00,0,5
contact\index.html,1,html,ef139dc8,Junle Li,2026-04-03,20:52:25,-07:00,2026-04-03T20:52:25-07:00,0,13
contact\index.html,2,html,ef139dc8,Junle Li,2026-04-03,20:52:25,-07:00,2026-04-03T20:52:25-07:00,0,14
contact\index.html,3,html,ef139dc8,Junle Li,2026-04-03,20:52:25,-07:00,2026-04-03T20:52:25-07:00,0,4
contact\index.html,4,html,ef139dc8,Junle Li,2026-04-03,20:52:25,-07:00,2026-04-03T20:52:25-07:00,2,20
contact\index.html,5,html,ef139dc8,Junle Li,2026-04-03,20:52:25,-07:00,2026-04-03T20:52:25-07:00,2,68
contact\index.html,6,html,ef139dc8,Junle Li,2026-04-03,20:52:25,-07:00,2026-04-03T20:52:25-07:00,2,52
contact\index.html,7,html,85a9d901,Junle Li,2026-04-10,07:11:34,-07:00,2026-04-10T07:11:34-07:00,2,41
contact\index.html,8,html,ef139dc8,Junle Li,2026-04-03,20:52:25,-07:00,2026-04-03T20:52:25-07:00,0,5
contact\index.html,9,html,ef139dc8,Junle Li,2026-04-03,20:52:25,-07:00,2026-04-03T20:52:25-07:00,0,4
contact\index.html,10,html,ef139dc8,Junle Li,2026-04-03,20:52:25,-07:00,2026-04-03T20:52:25-07:00,2,0
contact\index.html,11,html,ef139dc8,Junle Li,2026-04-03,20:52:25,-07:00,2026-04-03T20:52:25-07:00,2,14
contact\index.html,12,html,ef139dc8,Junle Li,2026-04-03,20:52:25,-07:00,2026-04-03T20:52:25-07:00,0,0
contact\index.html,13,html,ee3cb06c,Junle Li,2026-04-17,20:59:16,-07:00,2026-04-17T20:59:16-07:00,2,37
contact\index.html,14,html,ef139dc8,Junle Li,2026-04-03,20:52:25,-07:00,2026-04-03T20:52:25-07:00,0,0
contact\index.html,15,html,ef139dc8,Junle Li,2026-04-03,20:52:25,-07:00,2026-04-03T20:52:25-07:00,4,5
contact\index.html,16,html,ef139dc8,Junle Li,2026-04-03,20:52:25,-07:00,2026-04-03T20:52:25-07:00,6,9
contact\index.html,17,html,ef139dc8,Junle Li,2026-04-03,20:52:25,-07:00,2026-04-03T20:52:25-07:00,6,31
contact\index.html,18,html,ef139dc8,Junle Li,2026-04-03,20:52:25,-07:00,2026-04-03T20:52:25-07:00,4,6
contact\index.html,19,html,ef139dc8,Junle Li,2026-04-03,20:52:25,-07:00,2026-04-03T20:52:25-07:00,0,0
contact\index.html,20,html,ef139dc8,Junle Li,2026-04-03,20:52:25,-07:00,2026-04-03T20:52:25-07:00,4,6
contact\index.html,21,html,ef139dc8,Junle Li,2026-04-03,20:52:25,-07:00,2026-04-03T20:52:25-07:00,0,0
contact\index.html,22,html,ef139dc8,Junle Li,2026-04-03,20:52:25,-07:00,2026-04-03T20:52:25-07:00,4,5
contact\index.html,23,html,ef139dc8,Junle Li,2026-04-03,20:52:25,-07:00,2026-04-03T20:52:25-07:00,6,6
contact\index.html,24,html,ef139dc8,Junle Li,2026-04-03,20:52:25,-07:00,2026-04-03T20:52:25-07:00,6,20
contact\index.html,25,html,ef139dc8,Junle Li,2026-04-03,20:52:25,-07:00,2026-04-03T20:52:25-07:00,4,6
contact\index.html,26,html,ef139dc8,Junle Li,2026-04-03,20:52:25,-07:00,2026-04-03T20:52:25-07:00,0,0
contact\index.html,27,html,ef139dc8,Junle Li,2026-04-03,20:52:25,-07:00,2026-04-03T20:52:25-07:00,4,6
contact\index.html,28,html,ef139dc8,Junle Li,2026-04-03,20:52:25,-07:00,2026-04-03T20:52:25-07:00,0,0
contact\index.html,29,html,ef139dc8,Junle Li,2026-04-03,20:52:25,-07:00,2026-04-03T20:52:25-07:00,4,5
contact\index.html,30,html,ef139dc8,Junle Li,2026-04-03,20:52:25,-07:00,2026-04-03T20:52:25-07:00,6,6
contact\index.html,31,html,ef139dc8,Junle Li,2026-04-03,20:52:25,-07:00,2026-04-03T20:52:25-07:00,6,31
contact\index.html,32,html,ef139dc8,Junle Li,2026-04-03,20:52:25,-07:00,2026-04-03T20:52:25-07:00,4,6
contact\index.html,33,html,ef139dc8,Junle Li,2026-04-03,20:52:25,-07:00,2026-04-03T20:52:25-07:00,0,0
contact\index.html,34,html,ef139dc8,Junle Li,2026-04-03,20:52:25,-07:00,2026-04-03T20:52:25-07:00,4,6
contact\index.html,35,html,ef139dc8,Junle Li,2026-04-03,20:52:25,-07:00,2026-04-03T20:52:25-07:00,0,0
contact\index.html,36,html,ee3cb06c,Junle Li,2026-04-17,20:59:16,-07:00,2026-04-17T20:59:16-07:00,4,33
contact\index.html,37,html,ef139dc8,Junle Li,2026-04-03,20:52:25,-07:00,2026-04-03T20:52:25-07:00,0,0
contact\index.html,38,html,ef139dc8,Junle Li,2026-04-03,20:52:25,-07:00,2026-04-03T20:52:25-07:00,2,5
contact\index.html,39,html,8bb53971,Junle Li,2026-04-17,20:27:00,-07:00,2026-04-17T20:27:00-07:00,2,48
contact\index.html,40,html,ef139dc8,Junle Li,2026-04-03,20:52:25,-07:00,2026-04-03T20:52:25-07:00,0,5
contact\index.html,41,html,ef139dc8,Junle Li,2026-04-03,20:52:25,-07:00,2026-04-03T20:52:25-07:00,0,5
